"";"Target.Name";"Date.Announced"
"1";"Aaryn's Chocolate Inc";"1997-07-18"
"2";"Aaryn's Chocolate Inc";"1997-08-20"
"3";"Aaryn's Chocolate Inc";"1997-08-21"
"4";"Abigail's Jewelry Inc";"2009-05-15"
"5";"Abigail's Jewelry Inc";"2009-05-31"
"6";"Abigail's Jewelry Inc";"2009-06-15"
"7";"Abigail's Jewelry Inc";"2009-06-16"
"8";"Abigail's Jewelry Inc";"2009-07-28"
"9";"Adina's Grapes Inc";"2008-12-14"
"10";"Adina's Grapes Inc";"2009-01-14"
"11";"Adina's Grapes Inc";"2009-02-06"
"12";"Adina's Grapes Inc";"2009-02-22"
"13";"Adina's Grapes Inc";"2009-02-27"
"14";"Adrian's Beer Inc";"1995-05-06"
"15";"Adrian's Beer Inc";"1995-05-27"
"16";"Aja'Dea's IceCream Inc";"1996-03-18"
"17";"Aja'Dea's IceCream Inc";"1996-06-02"
"18";"Aja'Dea's IceCream Inc";"1996-06-06"
"19";"Alejandro's Pub Inc";"1989-08-23"
"20";"Alejandro's Pub Inc";"1989-10-01"
"21";"Alex's Burger Inc";"1994-02-24"
"22";"Alexander's Superfood Inc";"1980-05-24"
"23";"Alexander's Superfood Inc";"1980-06-07"
"24";"Alexander's Superfood Inc";"1980-06-14"
"25";"Alexander's Superfood Inc";"1980-06-27"
"26";"Alexander's Superfood Inc";"1980-07-11"
"27";"Alexander's Superfood Inc";"1980-07-14"
"28";"Alexander's Superfood Inc";"1980-08-17"
"29";"Alexis' Chocolate Inc";"2007-02-24"
"30";"Alexis' Chocolate Inc";"2007-05-14"
"31";"Alexus' Superfood Inc";"2000-09-01"
"32";"Alexus' Superfood Inc";"2000-11-19"
"33";"Alfredo's Merchandise Inc";"1987-04-11"
"34";"Alfredo's Merchandise Inc";"1987-05-24"
"35";"Alfredo's Merchandise Inc";"1987-06-05"
"36";"Alfredo's Merchandise Inc";"1987-06-06"
"37";"Alfredo's Merchandise Inc";"1987-06-14"
"38";"Alfredo's Merchandise Inc";"1987-06-17"
"39";"Alfredo's Merchandise Inc";"1987-07-10"
"40";"Alison's Burger Inc";"1985-02-18"
"41";"Alison's Burger Inc";"1985-03-06"
"42";"Alison's Burger Inc";"1985-04-24"
"43";"Allison's Beer Inc";"1982-06-15"
"44";"Allison's Beer Inc";"1982-06-18"
"45";"Allison's Beer Inc";"1982-07-12"
"46";"Allison's Beer Inc";"1982-08-21"
"47";"Alysha's Bananas Inc";"1980-10-12"
"48";"Alysha's Bananas Inc";"1980-11-02"
"49";"Alyssa's Electronics Inc";"1989-03-28"
"50";"Alyssa's Electronics Inc";"1989-04-17"
"51";"Alyssa's Electronics Inc";"1989-04-17"
"52";"Alyssa's Electronics Inc";"1989-05-12"
"53";"Alyssa's Electronics Inc";"1989-05-16"
"54";"Amanda Lynn's Merchandise Inc";"2004-10-09"
"55";"Aminah's Jewelry Inc";"2002-01-26"
"56";"Aminah's Jewelry Inc";"2002-02-07"
"57";"Aminah's Jewelry Inc";"2002-02-18"
"58";"Amy's Bananas Inc";"1986-03-14"
"59";"Amy's Bananas Inc";"1986-04-02"
"60";"Amy's Bananas Inc";"1986-04-08"
"61";"Amy's Bananas Inc";"1986-04-10"
"62";"Ana's Grapes Inc";"1999-07-22"
"63";"Ana's Grapes Inc";"1999-08-14"
"64";"Ana's Grapes Inc";"1999-08-25"
"65";"Ana's Grapes Inc";"1999-09-24"
"66";"Ana's Grapes Inc";"1999-10-05"
"67";"Anders' Superfood Inc";"2003-01-16"
"68";"Anders' Superfood Inc";"2003-01-17"
"69";"Andrea's Hamsters Inc";"2000-05-15"
"70";"Andrea's Hamsters Inc";"2000-05-25"
"71";"Andrea's Hamsters Inc";"2000-05-29"
"72";"Andrea's Hamsters Inc";"2000-06-09"
"73";"Andrea's Hamsters Inc";"2000-06-12"
"74";"Andrea's Hamsters Inc";"2000-06-22"
"75";"Andrea's Hamsters Inc";"2000-06-26"
"76";"Andrea's Hamsters Inc";"2000-06-28"
"77";"Andrea's Hamsters Inc";"2000-07-17"
"78";"Andrea's Hamsters Inc";"2000-07-18"
"79";"Andrea's Hamsters Inc";"2000-07-18"
"80";"Andrew's Chocolate Inc";"1985-08-15"
"81";"Andrew's Chocolate Inc";"1985-09-02"
"82";"Andrew's Chocolate Inc";"1985-10-30"
"83";"Andrew's Chocolate Inc";"1985-11-02"
"84";"Angela's Beer Inc";"1981-06-02"
"85";"Angelica's Grapes Inc";"1985-12-24"
"86";"Angelica's Grapes Inc";"1986-01-07"
"87";"Angelica's Grapes Inc";"1986-02-01"
"88";"Angelica's Grapes Inc";"1986-02-01"
"89";"Angelica's Grapes Inc";"1986-03-21"
"90";"Angelique's Burger Inc";"1993-03-16"
"91";"Angelique's Burger Inc";"1993-03-29"
"92";"Angelique's Burger Inc";"1993-05-08"
"93";"Aniyah's Computers Inc";"2006-05-09"
"94";"Aniyah's Computers Inc";"2006-05-17"
"95";"Aniyah's Computers Inc";"2006-07-10"
"96";"Aniyah's Computers Inc";"2006-07-27"
"97";"Aniyah's Computers Inc";"2006-08-04"
"98";"Anthony's Pub Inc";"1992-06-21"
"99";"Anthony's Pub Inc";"1992-07-21"
"100";"Anthony's Pub Inc";"1992-07-25"
"101";"Anthony's Pub Inc";"1992-08-06"
"102";"Anthony's Pub Inc";"1992-08-08"
"103";"Anthony's Pub Inc";"1992-08-21"
"104";"Anthony's Pub Inc";"1992-08-22"
"105";"Anthony's Pub Inc";"1992-09-03"
"106";"Anthony's Pub Inc";"1992-09-04"
"107";"Anthony's Pub Inc";"1992-09-09"
"108";"April's Candy Inc";"2009-06-11"
"109";"April's Candy Inc";"2009-06-16"
"110";"April's Candy Inc";"2009-07-15"
"111";"April's Candy Inc";"2009-07-26"
"112";"Ariel's Melons Inc";"1986-11-11"
"113";"Ariel's Melons Inc";"1986-12-19"
"114";"Ariel's Melons Inc";"1987-01-15"
"115";"Ariel's Melons Inc";"1987-01-30"
"116";"Arleth's Reptiles Inc";"1980-12-25"
"117";"Arleth's Reptiles Inc";"1981-03-11"
"118";"August's Bananas Inc";"1987-04-14"
"119";"August's Bananas Inc";"1987-06-23"
"120";"August's Bananas Inc";"1987-07-05"
"121";"August's Bananas Inc";"1987-07-12"
"122";"Austin's Juice Inc";"1994-09-17"
"123";"Austin's Juice Inc";"1994-10-29"
"124";"Austin's Juice Inc";"1994-11-08"
"125";"Austin's Juice Inc";"1994-11-10"
"126";"Austin's Juice Inc";"1994-12-01"
"127";"Autumn's Beer Inc";"1980-07-17"
"128";"Autumn's Beer Inc";"1980-10-07"
"129";"Bailee's Chocolate Inc";"1996-07-21"
"130";"Bailee's Chocolate Inc";"1996-09-29"
"131";"Berenice's Copyshop Inc";"1988-03-04"
"132";"Berenice's Copyshop Inc";"1988-05-01"
"133";"Blaise's Candy Inc";"1981-06-12"
"134";"Blaise's Candy Inc";"1981-08-24"
"135";"Blanca's Beer Inc";"2006-03-12"
"136";"Blanca's Beer Inc";"2006-04-25"
"137";"Blanca's Beer Inc";"2006-05-17"
"138";"Blanca's Beer Inc";"2006-06-06"
"139";"Bogdan's Pub Inc";"1986-10-28"
"140";"Bogdan's Pub Inc";"1986-11-25"
"141";"Bogdan's Pub Inc";"1986-11-26"
"142";"Bogdan's Pub Inc";"1986-12-12"
"143";"Bogdan's Pub Inc";"1986-12-17"
"144";"Bogdan's Pub Inc";"1986-12-19"
"145";"Bogdan's Pub Inc";"1987-01-02"
"146";"Brandon's Melons Inc";"2005-06-25"
"147";"Brandon's Melons Inc";"2005-08-13"
"148";"Brandon's Melons Inc";"2005-08-22"
"149";"Brandon's Melons Inc";"2005-08-25"
"150";"Brandon's Melons Inc";"2005-09-12"
"151";"Brandon's Melons Inc";"2005-09-15"
"152";"Brandon's Melons Inc";"2005-09-18"
"153";"Brandon's Melons Inc";"2005-09-23"
"154";"Braxton's Bananas Inc";"2010-05-15"
"155";"Braxton's Bananas Inc";"2010-05-17"
"156";"Braxton's Bananas Inc";"2010-05-24"
"157";"Braxton's Bananas Inc";"2010-05-27"
"158";"Braxton's Bananas Inc";"2010-06-03"
"159";"Braxton's Bananas Inc";"2010-07-07"
"160";"Braxton's Bananas Inc";"2010-07-09"
"161";"Breanna's Pub Inc";"1996-02-15"
"162";"Breanna's Pub Inc";"1996-05-07"
"163";"Brenda's Computers Inc";"1986-08-27"
"164";"Brenda's Computers Inc";"1986-09-28"
"165";"Brenda's Computers Inc";"1986-10-18"
"166";"Brenda's Computers Inc";"1986-11-04"
"167";"Brittany's Reptiles Inc";"1985-07-21"
"168";"Brittany's Reptiles Inc";"1985-07-21"
"169";"Brittany's Reptiles Inc";"1985-07-26"
"170";"Brittany's Reptiles Inc";"1985-08-08"
"171";"Brittany's Reptiles Inc";"1985-09-18"
"172";"Brittany's Reptiles Inc";"1985-09-19"
"173";"Brittany's Reptiles Inc";"1985-10-04"
"174";"Brittany's Reptiles Inc";"1985-10-05"
"175";"Brittany's Reptiles Inc";"1985-10-07"
"176";"Brittney's Electronics Inc";"2008-04-22"
"177";"Brittney's Electronics Inc";"2008-05-05"
"178";"Brooklynn Lee's Burger Inc";"2000-02-28"
"179";"Brooklynn Lee's Burger Inc";"2000-03-15"
"180";"Brooklynn Lee's Burger Inc";"2000-03-26"
"181";"Brynelle's IceCream Inc";"1995-02-07"
"182";"Brynelle's IceCream Inc";"1995-04-11"
"183";"Caitlin's Pub Inc";"2004-08-03"
"184";"Caitlin's Pub Inc";"2004-08-03"
"185";"Caitlin's Pub Inc";"2004-09-15"
"186";"Caitlin's Pub Inc";"2004-10-24"
"187";"Casey's Beer Inc";"2002-06-28"
"188";"Casey's Beer Inc";"2002-07-06"
"189";"Casey's Beer Inc";"2002-07-17"
"190";"Caylee's Coconuts Inc";"2004-04-19"
"191";"Caylee's Coconuts Inc";"2004-05-15"
"192";"Cheyne's Juice Inc";"2001-11-28"
"193";"Christian's Burger Inc";"1989-09-16"
"194";"Christian's Burger Inc";"1989-09-17"
"195";"Christian's Burger Inc";"1989-09-27"
"196";"Corey's IceCream Inc";"2001-08-12"
"197";"Corey's IceCream Inc";"2001-09-18"
"198";"Crystal's Electronics Inc";"1986-04-25"
"199";"Crystal's Electronics Inc";"1986-06-27"
"200";"Crystal's Electronics Inc";"1986-07-01"
"201";"Da Som's Chocolate Inc";"1991-05-09"
"202";"Da Som's Chocolate Inc";"1991-07-22"
"203";"Damien's Coconuts Inc";"1994-12-16"
"204";"Damien's Coconuts Inc";"1995-03-09"
"205";"Damytryace's Juice Inc";"2007-07-27"
"206";"Damytryace's Juice Inc";"2007-09-12"
"207";"Damytryace's Juice Inc";"2007-09-16"
"208";"Damytryace's Juice Inc";"2007-10-09"
"209";"Damytryace's Juice Inc";"2007-10-18"
"210";"Daniel's Coconuts Inc";"1992-12-24"
"211";"Daniel's Coconuts Inc";"1993-02-13"
"212";"Daniel's Coconuts Inc";"1993-03-24"
"213";"Dante's Chocolate Inc";"2008-07-11"
"214";"Dante's Chocolate Inc";"2008-07-24"
"215";"Dante's Chocolate Inc";"2008-09-15"
"216";"Dante's Chocolate Inc";"2008-09-23"
"217";"Dante's Chocolate Inc";"2008-09-27"
"218";"Dante's Chocolate Inc";"2008-10-02"
"219";"Daxx's Hamsters Inc";"2001-11-14"
"220";"Daxx's Hamsters Inc";"2001-11-25"
"221";"Daxx's Hamsters Inc";"2001-11-26"
"222";"Daxx's Hamsters Inc";"2001-11-27"
"223";"Daxx's Hamsters Inc";"2001-12-04"
"224";"Daxx's Hamsters Inc";"2001-12-12"
"225";"Daxx's Hamsters Inc";"2002-01-30"
"226";"Daxx's Hamsters Inc";"2002-02-08"
"227";"Daxx's Hamsters Inc";"2002-02-11"
"228";"Dayquan's IceCream Inc";"1985-08-22"
"229";"Dayquan's IceCream Inc";"1985-10-05"
"230";"Dayquan's IceCream Inc";"1985-11-04"
"231";"Deekshitha's IceCream Inc";"2000-06-18"
"232";"Deekshitha's IceCream Inc";"2000-07-10"
"233";"Deeplata's Juice Inc";"2003-08-13"
"234";"Deeplata's Juice Inc";"2003-10-05"
"235";"Desean's Juice Inc";"1999-04-22"
"236";"Desean's Juice Inc";"1999-05-12"
"237";"Desean's Juice Inc";"1999-05-27"
"238";"Desean's Juice Inc";"1999-06-10"
"239";"Desean's Juice Inc";"1999-07-14"
"240";"Desean's Juice Inc";"1999-07-19"
"241";"Deshawn's Burger Inc";"1995-01-18"
"242";"Deshawn's Burger Inc";"1995-03-27"
"243";"Devante's Chocolate Inc";"1989-10-11"
"244";"Devante's Chocolate Inc";"1989-10-22"
"245";"Devante's Chocolate Inc";"1989-10-27"
"246";"Devante's Chocolate Inc";"1990-01-05"
"247";"Devin's Beer Inc";"2008-03-09"
"248";"Devin's Beer Inc";"2008-04-03"
"249";"Dimetrius' Electronics Inc";"1987-09-08"
"250";"Dimetrius' Electronics Inc";"1987-09-11"
"251";"Dimetrius' Electronics Inc";"1987-09-13"
"252";"Dimetrius' Electronics Inc";"1987-12-01"
"253";"Dominic's Merchandise Inc";"2003-12-24"
"254";"Dominic's Merchandise Inc";"2004-01-02"
"255";"Dominic's Merchandise Inc";"2004-01-28"
"256";"Dominic's Merchandise Inc";"2004-01-28"
"257";"Dominique's Merchandise Inc";"1983-02-02"
"258";"Dominique's Merchandise Inc";"1983-02-16"
"259";"Dominique's Merchandise Inc";"1983-02-23"
"260";"Dominique's Merchandise Inc";"1983-02-27"
"261";"Dominique's Merchandise Inc";"1983-03-05"
"262";"Dominique's Merchandise Inc";"1983-04-03"
"263";"Dominique's Merchandise Inc";"1983-04-24"
"264";"Dong-Keun's Pub Inc";"1998-06-06"
"265";"Dong-Keun's Pub Inc";"1998-07-05"
"266";"Dong-Keun's Pub Inc";"1998-07-31"
"267";"Dong-Keun's Pub Inc";"1998-08-27"
"268";"Dong-Keun's Pub Inc";"1998-08-29"
"269";"Dylon's Grapes Inc";"2004-02-12"
"270";"Edward's Beer Inc";"1999-08-03"
"271";"Edward's Beer Inc";"1999-08-19"
"272";"Edward's Beer Inc";"1999-08-20"
"273";"Edward's Beer Inc";"1999-08-25"
"274";"Edward's Beer Inc";"1999-10-12"
"275";"Edward's Beer Inc";"1999-10-12"
"276";"Edward's Beer Inc";"1999-10-26"
"277";"Emily's Computers Inc";"1986-07-15"
"278";"Emily's Computers Inc";"1986-09-18"
"279";"Eric's IceCream Inc";"2006-05-03"
"280";"Eric's IceCream Inc";"2006-05-04"
"281";"Eric's IceCream Inc";"2006-06-21"
"282";"Eric's IceCream Inc";"2006-07-21"
"283";"Erica's Melons Inc";"2007-09-15"
"284";"Erica's Melons Inc";"2007-11-22"
"285";"Erica's Melons Inc";"2007-11-30"
"286";"Erica's Melons Inc";"2007-12-07"
"287";"Erica's Melons Inc";"2007-12-08"
"288";"Essance's IceCream Inc";"1988-11-17"
"289";"Essance's IceCream Inc";"1988-12-23"
"290";"Evan's Electronics Inc";"1983-10-16"
"291";"Evan's Electronics Inc";"1983-11-03"
"292";"Ezequiel's Pub Inc";"1980-03-23"
"293";"Fatima's Juice Inc";"1987-02-22"
"294";"Fatima's Juice Inc";"1987-03-17"
"295";"Fatima's Juice Inc";"1987-04-03"
"296";"Fernando's Merchandise Inc";"1997-03-14"
"297";"Fernando's Merchandise Inc";"1997-04-06"
"298";"Fernando's Merchandise Inc";"1997-04-24"
"299";"Fidel's Merchandise Inc";"2008-09-03"
"300";"Fidel's Merchandise Inc";"2008-10-27"
"301";"Francisco's Reptiles Inc";"2004-12-27"
"302";"Francisco's Reptiles Inc";"2005-01-16"
"303";"Francisco's Reptiles Inc";"2005-03-12"
"304";"Francisco's Reptiles Inc";"2005-03-22"
"305";"Gabriella's Hamsters Inc";"1988-07-06"
"306";"Gabriella's Hamsters Inc";"1988-09-19"
"307";"Gilberto's Candy Inc";"2010-11-02"
"308";"Gilberto's Candy Inc";"2010-12-09"
"309";"Gilberto's Candy Inc";"2011-01-27"
"310";"Gloria's Chocolate Inc";"2003-09-23"
"311";"Gloria's Chocolate Inc";"2003-12-08"
"312";"Haley's Copyshop Inc";"2001-01-25"
"313";"Haley's Copyshop Inc";"2001-03-22"
"314";"Heassam's Bananas Inc";"1997-08-27"
"315";"Heassam's Bananas Inc";"1997-08-29"
"316";"Heassam's Bananas Inc";"1997-09-10"
"317";"Howard's Juice Inc";"2000-05-05"
"318";"Howard's Juice Inc";"2000-05-14"
"319";"Howard's Juice Inc";"2000-06-21"
"320";"I'Kaika's Electronics Inc";"1996-09-09"
"321";"I'Kaika's Electronics Inc";"1996-09-16"
"322";"I'Kaika's Electronics Inc";"1996-09-24"
"323";"I'Kaika's Electronics Inc";"1996-10-12"
"324";"I'Kaika's Electronics Inc";"1996-11-06"
"325";"I'Kaika's Electronics Inc";"1996-11-07"
"326";"Iaisha's Jewelry Inc";"1993-06-23"
"327";"Iaisha's Jewelry Inc";"1993-07-25"
"328";"Iaisha's Jewelry Inc";"1993-07-26"
"329";"Iaisha's Jewelry Inc";"1993-08-22"
"330";"Iaisha's Jewelry Inc";"1993-08-26"
"331";"Ian's IceCream Inc";"2001-01-12"
"332";"Ian's IceCream Inc";"2001-01-27"
"333";"Ileana's Computers Inc";"1980-03-22"
"334";"Ileana's Computers Inc";"1980-03-30"
"335";"Ileana's Computers Inc";"1980-04-08"
"336";"Ileana's Computers Inc";"1980-04-30"
"337";"Ileana's Computers Inc";"1980-06-20"
"338";"Isaac's Chocolate Inc";"2003-02-20"
"339";"Isaac's Chocolate Inc";"2003-04-13"
"340";"Isaac's Chocolate Inc";"2003-05-12"
"341";"Isaac's Chocolate Inc";"2003-05-14"
"342";"Isaiah's Melons Inc";"1999-05-24"
"343";"Isaiah's Melons Inc";"1999-06-01"
"344";"Isaiah's Melons Inc";"1999-07-11"
"345";"Isaiah's Melons Inc";"1999-07-22"
"346";"Isaiah's Melons Inc";"1999-07-25"
"347";"Isaiah's Melons Inc";"1999-08-11"
"348";"Isaiah's Melons Inc";"1999-08-16"
"349";"Isamar's Coconuts Inc";"1989-06-18"
"350";"Isamar's Coconuts Inc";"1989-09-07"
"351";"Isiah's Coconuts Inc";"1986-02-13"
"352";"Isiah's Coconuts Inc";"1986-02-20"
"353";"Isiah's Coconuts Inc";"1986-02-20"
"354";"Isiah's Coconuts Inc";"1986-03-10"
"355";"Isiah's Coconuts Inc";"1986-03-12"
"356";"Isiah's Coconuts Inc";"1986-03-13"
"357";"Isiah's Coconuts Inc";"1986-04-26"
"358";"Isiah's Coconuts Inc";"1986-04-27"
"359";"Istiaq's Coconuts Inc";"1995-11-12"
"360";"Istiaq's Coconuts Inc";"1995-11-28"
"361";"Istiaq's Coconuts Inc";"1995-12-16"
"362";"Istiaq's Coconuts Inc";"1995-12-19"
"363";"Istiaq's Coconuts Inc";"1995-12-20"
"364";"Ja'Gr's Coconuts Inc";"1996-03-17"
"365";"Ja'Gr's Coconuts Inc";"1996-03-19"
"366";"Ja'Gr's Coconuts Inc";"1996-03-23"
"367";"Ja'Gr's Coconuts Inc";"1996-04-14"
"368";"Ja'Gr's Coconuts Inc";"1996-05-08"
"369";"Ja'Gr's Coconuts Inc";"1996-05-31"
"370";"Jacob's Computers Inc";"1983-09-03"
"371";"Jacob's Computers Inc";"1983-09-05"
"372";"Jacob's Computers Inc";"1983-09-29"
"373";"Jacob's Computers Inc";"1983-10-04"
"374";"Jacob's Computers Inc";"1983-10-10"
"375";"Jacob's Computers Inc";"1983-11-12"
"376";"Jacob's Computers Inc";"1983-11-19"
"377";"Jada's Copyshop Inc";"1992-09-02"
"378";"Jada's Copyshop Inc";"1992-09-05"
"379";"Jada's Copyshop Inc";"1992-09-17"
"380";"Jada's Copyshop Inc";"1992-11-08"
"381";"Jada's Copyshop Inc";"1992-11-24"
"382";"Jake's Candy Inc";"2010-09-18"
"383";"Jake's Candy Inc";"2010-10-23"
"384";"Jake's Candy Inc";"2010-11-26"
"385";"James' Jewelry Inc";"1988-12-14"
"386";"James' Jewelry Inc";"1988-12-25"
"387";"James' Jewelry Inc";"1989-01-18"
"388";"James' Jewelry Inc";"1989-01-22"
"389";"James' Jewelry Inc";"1989-01-29"
"390";"James' Jewelry Inc";"1989-02-08"
"391";"James' Jewelry Inc";"1989-02-08"
"392";"James' Jewelry Inc";"1989-02-12"
"393";"James' Jewelry Inc";"1989-02-20"
"394";"James' Jewelry Inc";"1989-02-24"
"395";"James' Jewelry Inc";"1989-02-25"
"396";"James' Jewelry Inc";"1989-03-03"
"397";"James' Jewelry Inc";"1989-03-07"
"398";"Jash Mikyle's Burger Inc";"1995-05-26"
"399";"Jash Mikyle's Burger Inc";"1995-07-21"
"400";"Jash Mikyle's Burger Inc";"1995-07-31"
"401";"Jason's Ghostwriting Inc";"1984-11-20"
"402";"Jason's Ghostwriting Inc";"1984-11-22"
"403";"Jason's Ghostwriting Inc";"1984-12-03"
"404";"Jason's Ghostwriting Inc";"1984-12-10"
"405";"Jason's Ghostwriting Inc";"1984-12-17"
"406";"Jason's Ghostwriting Inc";"1984-12-27"
"407";"Jason's Ghostwriting Inc";"1984-12-30"
"408";"Jason's Ghostwriting Inc";"1984-12-31"
"409";"Jason's Ghostwriting Inc";"1985-01-09"
"410";"Jason's Ghostwriting Inc";"1985-01-13"
"411";"Jason's Ghostwriting Inc";"1985-02-02"
"412";"Jason's Ghostwriting Inc";"1985-02-04"
"413";"Jason's Ghostwriting Inc";"1985-02-08"
"414";"Jason's Ghostwriting Inc";"1985-02-09"
"415";"Jason's Ghostwriting Inc";"1985-02-14"
"416";"Jason's Ghostwriting Inc";"1985-02-15"
"417";"Jason's Ghostwriting Inc";"1985-02-16"
"418";"Jaupree's Pub Inc";"2000-10-15"
"419";"Jaupree's Pub Inc";"2000-11-29"
"420";"Jaupree's Pub Inc";"2000-12-30"
"421";"Jaupree's Pub Inc";"2001-01-05"
"422";"Javan's Ghostwriting Inc";"1992-08-09"
"423";"Javan's Ghostwriting Inc";"1992-10-11"
"424";"Javan's Ghostwriting Inc";"1992-10-14"
"425";"Javan's Ghostwriting Inc";"1992-10-29"
"426";"Javier's Hamsters Inc";"1996-09-07"
"427";"Javier's Hamsters Inc";"1996-10-05"
"428";"Javier's Hamsters Inc";"1996-10-30"
"429";"Jay's Bananas Inc";"1997-04-28"
"430";"Jay's Bananas Inc";"1997-05-11"
"431";"Jazmin's Grapes Inc";"2008-07-22"
"432";"Jeffrey's IceCream Inc";"2002-11-17"
"433";"Jeffrey's IceCream Inc";"2002-11-21"
"434";"Jenna's Reptiles Inc";"2000-11-22"
"435";"Jenna's Reptiles Inc";"2000-11-30"
"436";"Jenna's Reptiles Inc";"2001-01-27"
"437";"Jennifer's Pub Inc";"1981-11-06"
"438";"Jennifer's Pub Inc";"1981-11-18"
"439";"Jennifer's Pub Inc";"1981-12-09"
"440";"Jennifer's Pub Inc";"1982-01-05"
"441";"Jennifer's Pub Inc";"1982-01-29"
"442";"Jensen's Reptiles Inc";"1982-11-21"
"443";"Jeremy's Hamsters Inc";"2006-03-03"
"444";"Jeremy's Hamsters Inc";"2006-03-20"
"445";"Jeremy's Hamsters Inc";"2006-06-01"
"446";"Jesse's Copyshop Inc";"2002-12-24"
"447";"Jesse's Copyshop Inc";"2003-01-12"
"448";"Jesse's Copyshop Inc";"2003-01-23"
"449";"Jesse's Copyshop Inc";"2003-03-22"
"450";"Jessica's Burger Inc";"1990-10-04"
"451";"Jessica's Burger Inc";"1990-11-18"
"452";"Jessica's Burger Inc";"1990-12-05"
"453";"Jessica's Burger Inc";"1990-12-13"
"454";"Jessica's Burger Inc";"1990-12-14"
"455";"Jessica's Burger Inc";"1990-12-28"
"456";"Jessie's Merchandise Inc";"1991-07-10"
"457";"Jessie's Merchandise Inc";"1991-08-13"
"458";"Jessie's Merchandise Inc";"1991-10-01"
"459";"Jessie's Merchandise Inc";"1991-10-04"
"460";"Jill's Jewelry Inc";"1996-07-06"
"461";"Jill's Jewelry Inc";"1996-07-29"
"462";"Jimmy's Beer Inc";"1993-06-12"
"463";"Jimmy's Beer Inc";"1993-06-14"
"464";"Jimmy's Beer Inc";"1993-06-15"
"465";"Jimmy's Beer Inc";"1993-07-08"
"466";"Joanna's Superfood Inc";"1989-11-21"
"467";"Joanna's Superfood Inc";"1989-12-01"
"468";"Joanna's Superfood Inc";"1989-12-16"
"469";"Joe's Superfood Inc";"2002-03-08"
"470";"Joe's Superfood Inc";"2002-03-18"
"471";"John's Ghostwriting Inc";"1995-10-05"
"472";"John's Ghostwriting Inc";"1995-10-07"
"473";"John's Ghostwriting Inc";"1995-10-16"
"474";"John's Ghostwriting Inc";"1995-10-23"
"475";"Johnny's Melons Inc";"1998-06-09"
"476";"Johnny's Melons Inc";"1998-06-17"
"477";"Johnny's Melons Inc";"1998-07-03"
"478";"Johnny's Melons Inc";"1998-08-15"
"479";"Jordan's Melons Inc";"2008-07-17"
"480";"Jordan's Melons Inc";"2008-07-22"
"481";"Jordan's Melons Inc";"2008-08-17"
"482";"Jordan's Melons Inc";"2008-08-26"
"483";"Jordan's Melons Inc";"2008-09-03"
"484";"Jordan's Melons Inc";"2008-09-05"
"485";"Jordan's Melons Inc";"2008-09-21"
"486";"Jordan's Melons Inc";"2008-09-25"
"487";"Jordan's Melons Inc";"2008-09-29"
"488";"Joshua's Pub Inc";"2000-12-04"
"489";"Joshua's Pub Inc";"2000-12-04"
"490";"Joshua's Pub Inc";"2000-12-05"
"491";"Joshua's Pub Inc";"2000-12-21"
"492";"Joshua's Pub Inc";"2000-12-24"
"493";"Joshua's Pub Inc";"2000-12-26"
"494";"Joshua's Pub Inc";"2001-01-01"
"495";"Joshua's Pub Inc";"2001-01-02"
"496";"Joshua's Pub Inc";"2001-01-04"
"497";"Joshua's Pub Inc";"2001-01-18"
"498";"Joshua's Pub Inc";"2001-01-23"
"499";"Joshua's Pub Inc";"2001-02-07"
"500";"Joshua's Pub Inc";"2001-02-07"
"501";"Joshua's Pub Inc";"2001-02-17"
"502";"Joshua's Pub Inc";"2001-02-27"
"503";"Juan's IceCream Inc";"1992-02-08"
"504";"Juan's IceCream Inc";"1992-03-28"
"505";"Juan's IceCream Inc";"1992-03-29"
"506";"Juan's IceCream Inc";"1992-04-13"
"507";"K'Rene's Copyshop Inc";"2001-10-12"
"508";"Kahner's Electronics Inc";"2007-04-28"
"509";"Kaitlin's Pub Inc";"1993-11-05"
"510";"Kaitlin's Pub Inc";"1993-11-14"
"511";"Kaiyoomia's Electronics Inc";"1994-03-05"
"512";"Kaiyoomia's Electronics Inc";"1994-06-01"
"513";"Kara's Copyshop Inc";"1981-02-15"
"514";"Kara's Copyshop Inc";"1981-04-12"
"515";"Kara's Copyshop Inc";"1981-04-15"
"516";"Karen's Coconuts Inc";"2002-08-17"
"517";"Karen's Coconuts Inc";"2002-09-06"
"518";"Karen's Coconuts Inc";"2002-10-19"
"519";"Karimbe's Coconuts Inc";"1998-01-01"
"520";"Karimbe's Coconuts Inc";"1998-01-10"
"521";"Karimbe's Coconuts Inc";"1998-01-23"
"522";"Karimbe's Coconuts Inc";"1998-02-22"
"523";"Karimbe's Coconuts Inc";"1998-03-01"
"524";"Karimbe's Coconuts Inc";"1998-03-13"
"525";"Karina's Juice Inc";"1984-08-21"
"526";"Karina's Juice Inc";"1984-10-21"
"527";"Kayla's Bananas Inc";"2010-12-22"
"528";"Kaylan's Merchandise Inc";"1991-08-18"
"529";"Kaylan's Merchandise Inc";"1991-10-19"
"530";"Kayli's Melons Inc";"2000-02-03"
"531";"Kayli's Melons Inc";"2000-02-13"
"532";"Kayli's Melons Inc";"2000-04-23"
"533";"Keanu's Merchandise Inc";"1988-08-14"
"534";"Kelly's Melons Inc";"2007-08-23"
"535";"Kelly's Melons Inc";"2007-09-05"
"536";"Kendra's Copyshop Inc";"2010-02-25"
"537";"Kendra's Copyshop Inc";"2010-03-23"
"538";"Kendra's Copyshop Inc";"2010-04-02"
"539";"Kendra's Copyshop Inc";"2010-04-19"
"540";"Kevin's Grapes Inc";"1995-03-18"
"541";"Kevin's Grapes Inc";"1995-04-21"
"542";"Kevin's Grapes Inc";"1995-06-08"
"543";"Kevin's Grapes Inc";"1995-06-11"
"544";"Khadijah's Coconuts Inc";"1980-09-08"
"545";"Khadijah's Coconuts Inc";"1980-10-09"
"546";"Khadijah's Coconuts Inc";"1980-10-25"
"547";"Khadijah's Coconuts Inc";"1980-11-15"
"548";"Khadijah's Coconuts Inc";"1980-11-29"
"549";"Khamel's Bananas Inc";"2003-04-10"
"550";"Khamel's Bananas Inc";"2003-04-17"
"551";"Khamel's Bananas Inc";"2003-04-23"
"552";"Khamel's Bananas Inc";"2003-05-21"
"553";"Khamel's Bananas Inc";"2003-06-09"
"554";"Khamel's Bananas Inc";"2003-06-23"
"555";"Khamel's Bananas Inc";"2003-06-24"
"556";"Kieu's Computers Inc";"2010-03-07"
"557";"Kieu's Computers Inc";"2010-05-05"
"558";"Kieu's Computers Inc";"2010-05-22"
"559";"Kieu's Computers Inc";"2010-05-27"
"560";"Kieu's Computers Inc";"2010-05-29"
"561";"Kirsten's Merchandise Inc";"1997-01-21"
"562";"Kirsten's Merchandise Inc";"1997-03-21"
"563";"Kirsten's Merchandise Inc";"1997-04-09"
"564";"Kristen's Burger Inc";"1986-06-01"
"565";"Kristen's Burger Inc";"1986-07-11"
"566";"Kristine's Juice Inc";"2001-12-08"
"567";"Kristine's Juice Inc";"2002-01-02"
"568";"Kristine's Juice Inc";"2002-02-25"
"569";"Kristine's Juice Inc";"2002-03-02"
"570";"Kyle's Hamsters Inc";"2010-12-28"
"571";"Kyle's Hamsters Inc";"2011-01-07"
"572";"Kyle's Hamsters Inc";"2011-01-31"
"573";"Kyle's Hamsters Inc";"2011-02-27"
"574";"Kyle's Hamsters Inc";"2011-03-03"
"575";"Kyle's Hamsters Inc";"2011-03-07"
"576";"Kyle's Hamsters Inc";"2011-03-13"
"577";"Kyle's Hamsters Inc";"2011-03-17"
"578";"Lanesha's Grapes Inc";"1990-06-12"
"579";"Lanesha's Grapes Inc";"1990-06-23"
"580";"Lanesha's Grapes Inc";"1990-07-06"
"581";"Lanesha's Grapes Inc";"1990-08-18"
"582";"Lanesha's Grapes Inc";"1990-09-06"
"583";"Lashay's Reptiles Inc";"2009-10-02"
"584";"Lashay's Reptiles Inc";"2009-10-16"
"585";"Lashay's Reptiles Inc";"2009-11-03"
"586";"Lashay's Reptiles Inc";"2009-12-19"
"587";"Lawrence's Melons Inc";"1995-03-24"
"588";"Lawrence's Melons Inc";"1995-04-07"
"589";"Lawrence's Melons Inc";"1995-05-28"
"590";"Lawrence's Melons Inc";"1995-05-30"
"591";"Leearra's Bananas Inc";"1994-05-18"
"592";"Leearra's Bananas Inc";"1994-06-11"
"593";"Liah Shardai's Candy Inc";"2010-06-01"
"594";"Liah Shardai's Candy Inc";"2010-06-26"
"595";"Liah Shardai's Candy Inc";"2010-07-03"
"596";"Liah Shardai's Candy Inc";"2010-08-09"
"597";"Linton's Ghostwriting Inc";"1985-08-27"
"598";"Linton's Ghostwriting Inc";"1985-10-02"
"599";"Linton's Ghostwriting Inc";"1985-10-11"
"600";"Logan's Chocolate Inc";"1991-08-22"
"601";"Logan's Chocolate Inc";"1991-09-03"
"602";"Logan's Chocolate Inc";"1991-10-11"
"603";"Logan's Chocolate Inc";"1991-11-15"
"604";"Luanne's Hamsters Inc";"1988-11-23"
"605";"Luis' Candy Inc";"1983-07-16"
"606";"Luis' Candy Inc";"1983-07-26"
"607";"Luis' Candy Inc";"1983-07-27"
"608";"Luis' Candy Inc";"1983-08-13"
"609";"Luis' Candy Inc";"1983-08-23"
"610";"Luis' Candy Inc";"1983-09-24"
"611";"Luis' Candy Inc";"1983-09-28"
"612";"Luis' Candy Inc";"1983-09-30"
"613";"Luis' Candy Inc";"1983-10-03"
"614";"Makayla's Hamsters Inc";"2002-01-11"
"615";"Makayla's Hamsters Inc";"2002-01-15"
"616";"Makayla's Hamsters Inc";"2002-02-20"
"617";"Malik's Melons Inc";"1996-03-15"
"618";"Malik's Melons Inc";"1996-03-24"
"619";"Malik's Melons Inc";"1996-04-10"
"620";"Malik's Melons Inc";"1996-04-22"
"621";"Malik's Melons Inc";"1996-05-25"
"622";"Malik's Melons Inc";"1996-06-07"
"623";"Mandeep's Coconuts Inc";"1984-09-01"
"624";"Mandeep's Coconuts Inc";"1984-09-06"
"625";"Mandeep's Coconuts Inc";"1984-09-19"
"626";"Mandeep's Coconuts Inc";"1984-09-29"
"627";"Mangei's Grapes Inc";"2006-05-04"
"628";"Mangei's Grapes Inc";"2006-07-07"
"629";"Mariah's Beer Inc";"1980-04-10"
"630";"Mariah's Beer Inc";"1980-04-21"
"631";"Mariah's Beer Inc";"1980-04-22"
"632";"Mariah's Beer Inc";"1980-05-24"
"633";"Mariah's Beer Inc";"1980-06-14"
"634";"Maricruz's Hamsters Inc";"2006-05-02"
"635";"Maricruz's Hamsters Inc";"2006-05-21"
"636";"Maricruz's Hamsters Inc";"2006-06-08"
"637";"Maricruz's Hamsters Inc";"2006-06-22"
"638";"Maricruz's Hamsters Inc";"2006-07-29"
"639";"Marilyn's Electronics Inc";"2003-01-02"
"640";"Marilyn's Electronics Inc";"2003-02-28"
"641";"Mario's Grapes Inc";"1983-12-15"
"642";"Mario's Grapes Inc";"1983-12-17"
"643";"Mario's Grapes Inc";"1983-12-22"
"644";"Mario's Grapes Inc";"1984-01-26"
"645";"Mario's Grapes Inc";"1984-01-29"
"646";"Marleek's Bananas Inc";"1983-07-22"
"647";"Marleek's Bananas Inc";"1983-09-08"
"648";"Matthew's Pub Inc";"2006-02-27"
"649";"Matthew's Pub Inc";"2006-03-04"
"650";"Matthew's Pub Inc";"2006-03-06"
"651";"Matthew's Pub Inc";"2006-03-19"
"652";"Matthew's Pub Inc";"2006-04-20"
"653";"Matthew's Pub Inc";"2006-05-17"
"654";"Matthew's Pub Inc";"2006-05-25"
"655";"May's Reptiles Inc";"1996-08-16"
"656";"Mckenna's Beer Inc";"1983-03-24"
"657";"Mckenna's Beer Inc";"1983-04-26"
"658";"Mckenna's Beer Inc";"1983-05-23"
"659";"Mckenna's Beer Inc";"1983-06-20"
"660";"Mckenna's Beer Inc";"1983-06-22"
"661";"Megan's Burger Inc";"2005-02-01"
"662";"Megan's Burger Inc";"2005-02-07"
"663";"Megan's Burger Inc";"2005-02-18"
"664";"Megan's Burger Inc";"2005-02-19"
"665";"Megan's Burger Inc";"2005-03-19"
"666";"Megan's Burger Inc";"2005-03-29"
"667";"Megan's Burger Inc";"2005-04-12"
"668";"Megan's Burger Inc";"2005-04-20"
"669";"Melanie's Chocolate Inc";"2005-04-01"
"670";"Melanie's Chocolate Inc";"2005-06-05"
"671";"Melanie's Chocolate Inc";"2005-06-17"
"672";"Melanie's Chocolate Inc";"2005-06-21"
"673";"Mijoly's Superfood Inc";"2005-04-26"
"674";"Mijoly's Superfood Inc";"2005-05-04"
"675";"Mingyue's Hamsters Inc";"1995-03-03"
"676";"Mingyue's Hamsters Inc";"1995-04-25"
"677";"Mingyue's Hamsters Inc";"1995-05-21"
"678";"Mingyue's Hamsters Inc";"1995-05-27"
"679";"Miranda's Merchandise Inc";"1982-09-10"
"680";"Miranda's Merchandise Inc";"1982-09-21"
"681";"Miranda's Merchandise Inc";"1982-09-23"
"682";"Miranda's Merchandise Inc";"1982-11-09"
"683";"Miranda's Merchandise Inc";"1982-11-09"
"684";"Miranda's Merchandise Inc";"1982-11-19"
"685";"Miriya's Jewelry Inc";"1993-04-24"
"686";"Miriya's Jewelry Inc";"1993-05-02"
"687";"Miriya's Jewelry Inc";"1993-05-04"
"688";"Miriya's Jewelry Inc";"1993-05-18"
"689";"Mitchell's Melons Inc";"1993-03-08"
"690";"Mitchell's Melons Inc";"1993-03-30"
"691";"Mitchell's Melons Inc";"1993-04-27"
"692";"Mitchell's Melons Inc";"1993-05-12"
"693";"Monica's Electronics Inc";"2006-11-22"
"694";"Monica's Electronics Inc";"2007-02-14"
"695";"Mykalah's Bananas Inc";"1986-04-11"
"696";"Mykalah's Bananas Inc";"1986-06-06"
"697";"Natasha's Grapes Inc";"1982-07-09"
"698";"Navya's Electronics Inc";"1993-06-03"
"699";"Navya's Electronics Inc";"1993-06-15"
"700";"Navya's Electronics Inc";"1993-07-21"
"701";"Navya's Electronics Inc";"1993-08-10"
"702";"Nicholas' Jewelry Inc";"1984-05-25"
"703";"Nicholas' Jewelry Inc";"1984-07-06"
"704";"Nicholas' Jewelry Inc";"1984-08-23"
"705";"Nikolas' Reptiles Inc";"2003-11-21"
"706";"Nikolas' Reptiles Inc";"2003-11-30"
"707";"Nikolas' Reptiles Inc";"2004-01-03"
"708";"Nikolas' Reptiles Inc";"2004-02-07"
"709";"Nikolas' Reptiles Inc";"2004-02-07"
"710";"Nikolas' Reptiles Inc";"2004-02-12"
"711";"Noh's Copyshop Inc";"1998-05-15"
"712";"Noh's Copyshop Inc";"1998-06-13"
"713";"Noh's Copyshop Inc";"1998-06-17"
"714";"Noh's Copyshop Inc";"1998-07-23"
"715";"Noh's Copyshop Inc";"1998-07-25"
"716";"Noh's Copyshop Inc";"1998-07-28"
"717";"Onyx's Jewelry Inc";"1982-10-13"
"718";"Onyx's Jewelry Inc";"1982-12-11"
"719";"Onyx's Jewelry Inc";"1982-12-20"
"720";"Onyx's Jewelry Inc";"1983-01-06"
"721";"Parose's IceCream Inc";"2004-01-22"
"722";"Parose's IceCream Inc";"2004-02-15"
"723";"Parose's IceCream Inc";"2004-03-07"
"724";"Parose's IceCream Inc";"2004-03-14"
"725";"Parose's IceCream Inc";"2004-04-11"
"726";"Patao's Hamsters Inc";"1986-05-17"
"727";"Patrick's Hamsters Inc";"2009-03-18"
"728";"Patrick's Hamsters Inc";"2009-03-23"
"729";"Patrick's Hamsters Inc";"2009-03-26"
"730";"Patrick's Hamsters Inc";"2009-03-30"
"731";"Patrick's Hamsters Inc";"2009-05-12"
"732";"Patrick's Hamsters Inc";"2009-05-13"
"733";"Patrick's Hamsters Inc";"2009-06-03"
"734";"Perla's IceCream Inc";"1993-02-25"
"735";"Perla's IceCream Inc";"1993-03-18"
"736";"Perla's IceCream Inc";"1993-03-28"
"737";"Peter's Merchandise Inc";"1982-07-21"
"738";"Peter's Merchandise Inc";"1982-07-29"
"739";"Peter's Merchandise Inc";"1982-08-30"
"740";"Peter's Merchandise Inc";"1982-09-07"
"741";"Peter's Merchandise Inc";"1982-09-18"
"742";"Peter's Merchandise Inc";"1982-09-21"
"743";"Peter's Merchandise Inc";"1982-09-23"
"744";"Quiere's Melons Inc";"2006-11-13"
"745";"Quiere's Melons Inc";"2006-12-23"
"746";"Quiere's Melons Inc";"2007-01-12"
"747";"Quiere's Melons Inc";"2007-01-19"
"748";"Quiere's Melons Inc";"2007-01-20"
"749";"Rachel's Reptiles Inc";"1998-08-26"
"750";"Rachel's Reptiles Inc";"1998-09-20"
"751";"Rachel's Reptiles Inc";"1998-10-21"
"752";"Raegan's Copyshop Inc";"1992-12-24"
"753";"Raegan's Copyshop Inc";"1992-12-25"
"754";"Raegan's Copyshop Inc";"1993-02-24"
"755";"Randall's Computers Inc";"1985-10-27"
"756";"Randall's Computers Inc";"1985-11-09"
"757";"Randall's Computers Inc";"1985-11-18"
"758";"Randall's Computers Inc";"1985-12-05"
"759";"Raul's Beer Inc";"1995-11-02"
"760";"Raul's Beer Inc";"1995-11-02"
"761";"Raul's Beer Inc";"1995-11-15"
"762";"Raul's Beer Inc";"1995-12-04"
"763";"Raul's Beer Inc";"1995-12-27"
"764";"Raul's Beer Inc";"1996-01-13"
"765";"Raul's Beer Inc";"1996-01-20"
"766";"Raul's Beer Inc";"1996-01-26"
"767";"Raymond's Coconuts Inc";"1981-07-03"
"768";"Raymond's Coconuts Inc";"1981-07-12"
"769";"Raymond's Coconuts Inc";"1981-07-31"
"770";"Raymond's Coconuts Inc";"1981-08-09"
"771";"Raymond's Coconuts Inc";"1981-08-12"
"772";"Raymond's Coconuts Inc";"1981-08-25"
"773";"Raymond's Coconuts Inc";"1981-09-20"
"774";"Rene's Computers Inc";"1992-06-15"
"775";"Renee's Melons Inc";"2009-05-19"
"776";"Renee's Melons Inc";"2009-05-31"
"777";"Renee's Melons Inc";"2009-06-17"
"778";"Renee's Melons Inc";"2009-07-01"
"779";"Robert's Hamsters Inc";"1992-01-03"
"780";"Robert's Hamsters Inc";"1992-01-14"
"781";"Robert's Hamsters Inc";"1992-01-22"
"782";"Robert's Hamsters Inc";"1992-02-02"
"783";"Robert's Hamsters Inc";"1992-02-10"
"784";"Robert's Hamsters Inc";"1992-02-21"
"785";"Robert's Hamsters Inc";"1992-02-28"
"786";"Robert's Hamsters Inc";"1992-03-02"
"787";"Robert's Hamsters Inc";"1992-03-09"
"788";"Robert's Hamsters Inc";"1992-03-23"
"789";"Robert's Hamsters Inc";"1992-03-26"
"790";"Rodney's Jewelry Inc";"1989-02-06"
"791";"Rodney's Jewelry Inc";"1989-03-01"
"792";"Ruby's Ghostwriting Inc";"1988-03-12"
"793";"Ruby's Ghostwriting Inc";"1988-04-15"
"794";"Ruby's Ghostwriting Inc";"1988-05-04"
"795";"Ruby's Ghostwriting Inc";"1988-05-15"
"796";"Ryan's Copyshop Inc";"1995-11-05"
"797";"Ryan's Copyshop Inc";"1995-11-23"
"798";"Ryan's Copyshop Inc";"1995-12-12"
"799";"Ryan's Copyshop Inc";"1995-12-18"
"800";"Ryan's Copyshop Inc";"1995-12-27"
"801";"Ryan's Copyshop Inc";"1996-01-25"
"802";"Ryann's Electronics Inc";"1988-04-20"
"803";"Ryshawn's IceCream Inc";"1994-08-17"
"804";"Ryshawn's IceCream Inc";"1994-11-01"
"805";"Ryshawn's IceCream Inc";"1994-11-07"
"806";"Saaya's Hamsters Inc";"2004-03-24"
"807";"Saaya's Hamsters Inc";"2004-03-29"
"808";"Saaya's Hamsters Inc";"2004-04-09"
"809";"Saaya's Hamsters Inc";"2004-05-13"
"810";"Saaya's Hamsters Inc";"2004-05-20"
"811";"Sabrina's Merchandise Inc";"1989-11-08"
"812";"Sabrina's Merchandise Inc";"1989-11-09"
"813";"Sabrina's Merchandise Inc";"1989-11-28"
"814";"Sabrina's Merchandise Inc";"1989-12-03"
"815";"Sabrina's Merchandise Inc";"1989-12-11"
"816";"Sabrina's Merchandise Inc";"1989-12-15"
"817";"Sabrina's Merchandise Inc";"1989-12-31"
"818";"Sabrina's Merchandise Inc";"1990-01-29"
"819";"Samara's Electronics Inc";"1995-05-20"
"820";"Samara's Electronics Inc";"1995-05-24"
"821";"Samara's Electronics Inc";"1995-07-17"
"822";"Samuel's Superfood Inc";"1992-09-14"
"823";"Samuel's Superfood Inc";"1992-09-19"
"824";"Samuel's Superfood Inc";"1992-10-13"
"825";"Samuel's Superfood Inc";"1992-10-21"
"826";"Samuel's Superfood Inc";"1992-11-05"
"827";"Sang's Beer Inc";"1995-06-16"
"828";"Sang's Beer Inc";"1995-06-18"
"829";"Sang's Beer Inc";"1995-08-12"
"830";"Sang's Beer Inc";"1995-09-07"
"831";"Sara's Melons Inc";"1990-11-22"
"832";"Sara's Melons Inc";"1991-01-06"
"833";"Sarah's Pub Inc";"2005-08-08"
"834";"Sarah's Pub Inc";"2005-08-09"
"835";"Sarah's Pub Inc";"2005-08-15"
"836";"Sarah's Pub Inc";"2005-08-29"
"837";"Sarah's Pub Inc";"2005-09-12"
"838";"Sarah's Pub Inc";"2005-09-14"
"839";"Sarah's Pub Inc";"2005-10-04"
"840";"Sarah's Pub Inc";"2005-10-05"
"841";"Sarah's Pub Inc";"2005-10-09"
"842";"Sarah's Pub Inc";"2005-10-13"
"843";"Sarah's Pub Inc";"2005-10-16"
"844";"Sarah's Pub Inc";"2005-10-22"
"845";"Sarah's Pub Inc";"2005-11-02"
"846";"Sarah's Pub Inc";"2005-11-05"
"847";"Savannah's Bananas Inc";"2000-11-25"
"848";"Scott's Beer Inc";"2008-09-15"
"849";"Scott's Beer Inc";"2008-09-25"
"850";"Selamawit's Coconuts Inc";"1986-08-02"
"851";"Selamawit's Coconuts Inc";"1986-09-21"
"852";"Selamawit's Coconuts Inc";"1986-10-05"
"853";"Sergio's Grapes Inc";"1993-02-03"
"854";"Sergio's Grapes Inc";"1993-02-17"
"855";"Sergio's Grapes Inc";"1993-04-27"
"856";"Shalai's Coconuts Inc";"1991-07-20"
"857";"Shalai's Coconuts Inc";"1991-07-27"
"858";"Shalai's Coconuts Inc";"1991-07-30"
"859";"Shalai's Coconuts Inc";"1991-09-01"
"860";"Shalai's Coconuts Inc";"1991-10-10"
"861";"Shania's Copyshop Inc";"2008-12-17"
"862";"Shania's Copyshop Inc";"2008-12-18"
"863";"Shania's Copyshop Inc";"2009-01-19"
"864";"Shania's Copyshop Inc";"2009-01-28"
"865";"Shania's Copyshop Inc";"2009-02-02"
"866";"Shania's Copyshop Inc";"2009-02-12"
"867";"Shania's Copyshop Inc";"2009-02-20"
"868";"Shania's Copyshop Inc";"2009-02-28"
"869";"Shania's Copyshop Inc";"2009-02-28"
"870";"Shania's Copyshop Inc";"2009-03-16"
"871";"Shania's Copyshop Inc";"2009-03-17"
"872";"Sheefali's Copyshop Inc";"1984-05-17"
"873";"Sheefali's Copyshop Inc";"1984-05-29"
"874";"Sheefali's Copyshop Inc";"1984-06-06"
"875";"Solomea's Reptiles Inc";"2001-04-05"
"876";"Solomea's Reptiles Inc";"2001-04-26"
"877";"Solomea's Reptiles Inc";"2001-06-08"
"878";"Solomea's Reptiles Inc";"2001-06-13"
"879";"Solomea's Reptiles Inc";"2001-06-26"
"880";"Spencer's Chocolate Inc";"1981-10-28"
"881";"Stephanie's Electronics Inc";"1991-11-11"
"882";"Stephanie's Electronics Inc";"1991-11-19"
"883";"Stephanie's Electronics Inc";"1991-11-23"
"884";"Steven's Grapes Inc";"2000-08-25"
"885";"Steven's Grapes Inc";"2000-10-02"
"886";"Syed's Coconuts Inc";"1989-11-07"
"887";"Symone's Copyshop Inc";"1982-02-25"
"888";"Symone's Copyshop Inc";"1982-04-15"
"889";"Symone's Copyshop Inc";"1982-04-26"
"890";"Symone's Copyshop Inc";"1982-04-29"
"891";"Symone's Copyshop Inc";"1982-04-30"
"892";"Taelor's Bananas Inc";"1989-07-12"
"893";"Taelor's Bananas Inc";"1989-07-15"
"894";"Taelor's Bananas Inc";"1989-08-19"
"895";"Taelor's Bananas Inc";"1989-08-25"
"896";"Taelor's Bananas Inc";"1989-08-26"
"897";"Taelor's Bananas Inc";"1989-09-12"
"898";"Taelor's Bananas Inc";"1989-09-18"
"899";"Taelor's Bananas Inc";"1989-09-29"
"900";"Taku's Coconuts Inc";"1998-08-09"
"901";"Taku's Coconuts Inc";"1998-08-25"
"902";"Taku's Coconuts Inc";"1998-09-08"
"903";"Taku's Coconuts Inc";"1998-10-11"
"904";"Taku's Coconuts Inc";"1998-10-31"
"905";"Tanea's Electronics Inc";"1988-04-26"
"906";"Tanea's Electronics Inc";"1988-05-30"
"907";"Tanea's Electronics Inc";"1988-05-30"
"908";"Tania's Hamsters Inc";"1984-05-25"
"909";"Tania's Hamsters Inc";"1984-07-07"
"910";"Tania's Hamsters Inc";"1984-07-28"
"911";"Tania's Hamsters Inc";"1984-08-23"
"912";"Taylor's Reptiles Inc";"2000-02-04"
"913";"Taylor's Reptiles Inc";"2000-02-16"
"914";"Taylor's Reptiles Inc";"2000-03-30"
"915";"Taylor's Reptiles Inc";"2000-04-03"
"916";"Taylor's Reptiles Inc";"2000-04-18"
"917";"Tela's Reptiles Inc";"1989-11-05"
"918";"Temisha's Superfood Inc";"2010-09-27"
"919";"Temisha's Superfood Inc";"2010-11-22"
"920";"Teran's Superfood Inc";"1984-01-15"
"921";"Teran's Superfood Inc";"1984-02-08"
"922";"Teran's Superfood Inc";"1984-02-20"
"923";"Teran's Superfood Inc";"1984-02-27"
"924";"Teran's Superfood Inc";"1984-03-01"
"925";"Thea's Bananas Inc";"1998-04-18"
"926";"Thea's Bananas Inc";"1998-05-14"
"927";"Thea's Bananas Inc";"1998-05-22"
"928";"Tiffany's Hamsters Inc";"1982-08-07"
"929";"Tiffany's Hamsters Inc";"1982-08-14"
"930";"Tiffany's Hamsters Inc";"1982-08-19"
"931";"Tiffany's Hamsters Inc";"1982-08-30"
"932";"Tiffany's Hamsters Inc";"1982-09-03"
"933";"Tiffany's Hamsters Inc";"1982-09-09"
"934";"Tiffany's Hamsters Inc";"1982-09-16"
"935";"Tiffany's Hamsters Inc";"1982-09-29"
"936";"Tiffany's Hamsters Inc";"1982-10-02"
"937";"Tiffany's Hamsters Inc";"1982-10-17"
"938";"Tiffany's Hamsters Inc";"1982-10-22"
"939";"Tiffany's Hamsters Inc";"1982-10-22"
"940";"Tiffany's Hamsters Inc";"1982-10-31"
"941";"Trekeith's Hamsters Inc";"1982-04-26"
"942";"Trekeith's Hamsters Inc";"1982-05-03"
"943";"Trekeith's Hamsters Inc";"1982-07-04"
"944";"Trekeith's Hamsters Inc";"1982-07-23"
"945";"Treyvon's Superfood Inc";"1989-07-25"
"946";"Treyvon's Superfood Inc";"1989-08-06"
"947";"Treyvon's Superfood Inc";"1989-08-14"
"948";"Treyvon's Superfood Inc";"1989-09-07"
"949";"Trinang's Candy Inc";"1993-09-01"
"950";"Trinang's Candy Inc";"1993-09-10"
"951";"Trinang's Candy Inc";"1993-11-13"
"952";"Trinang's Candy Inc";"1993-11-26"
"953";"Tyler's Melons Inc";"1981-08-02"
"954";"Tyler's Melons Inc";"1981-08-02"
"955";"Tyler's Melons Inc";"1981-08-06"
"956";"Tyler's Melons Inc";"1981-08-11"
"957";"Tyler's Melons Inc";"1981-08-13"
"958";"Tyler's Melons Inc";"1981-08-30"
"959";"Tyler's Melons Inc";"1981-09-05"
"960";"Tyler's Melons Inc";"1981-09-17"
"961";"Tyler's Melons Inc";"1981-10-04"
"962";"Tynisha's Reptiles Inc";"1998-03-14"
"963";"Tynisha's Reptiles Inc";"1998-03-29"
"964";"Tynisha's Reptiles Inc";"1998-04-29"
"965";"Tynisha's Reptiles Inc";"1998-05-15"
"966";"Tynisha's Reptiles Inc";"1998-06-11"
"967";"Tyrell's Burger Inc";"1999-09-07"
"968";"Tyrell's Burger Inc";"1999-10-15"
"969";"Tyrell's Burger Inc";"1999-11-07"
"970";"Tyrell's Burger Inc";"1999-11-08"
"971";"Tyrell's Burger Inc";"1999-11-11"
"972";"Vincent's Reptiles Inc";"1987-09-20"
"973";"Vincent's Reptiles Inc";"1987-11-13"
"974";"William's Jewelry Inc";"1981-11-21"
"975";"William's Jewelry Inc";"1981-12-09"
"976";"William's Jewelry Inc";"1981-12-29"
"977";"William's Jewelry Inc";"1982-01-11"
"978";"William's Jewelry Inc";"1982-01-25"
"979";"Woyneshet's Copyshop Inc";"1989-03-21"
"980";"Woyneshet's Copyshop Inc";"1989-05-04"
"981";"Woyneshet's Copyshop Inc";"1989-06-07"
"982";"Xandria's Computers Inc";"1996-08-07"
"983";"Xandria's Computers Inc";"1996-08-18"
"984";"Xandria's Computers Inc";"1996-09-25"
"985";"Xandria's Computers Inc";"1996-10-30"
"986";"Yonas' Melons Inc";"1999-01-01"
"987";"Yonas' Melons Inc";"1999-01-11"
"988";"Yonas' Melons Inc";"1999-01-15"
"989";"Yonas' Melons Inc";"1999-02-09"
"990";"Yonas' Melons Inc";"1999-02-18"
"991";"Yonas' Melons Inc";"1999-02-24"
"992";"Yu Shen's Juice Inc";"2008-06-27"
"993";"Yuvorn's Beer Inc";"2001-01-21"
"994";"Yuvorn's Beer Inc";"2001-03-13"
"995";"Zebulin's IceCream Inc";"2008-01-02"
"996";"Zebulin's IceCream Inc";"2008-01-16"
"997";"Zebulin's IceCream Inc";"2008-01-22"
"998";"Zebulin's IceCream Inc";"2008-02-06"
"999";"Zebulin's IceCream Inc";"2008-02-09"
"1000";"Zebulin's IceCream Inc";"2008-03-03"
